[
{
    "model": "blog.post",
    "pk": 1,
    "fields": {
        "title": "Test",
        "slug": "testurl",
        "body": "Your password can’t be too similar to your other personal information.\r\nYour password must contain at least 8 characters.\r\nYour password can’t be a commonly used password.\r\nYour password can’t be entirely numeric.",
        "author": 1,
        "publish": "2024-01-17T14:31:01Z",
        "created": "2024-01-17T14:32:19.953Z",
        "updated": "2024-01-17T14:32:19.953Z",
        "status": "DF"
    }
},
{
    "model": "blog.post",
    "pk": 2,
    "fields": {
        "title": "Создание сайта администрирования для моделей",
        "slug": "admin-site-model",
        "body": "Теперь, когда модель Post синхронизирована с базой данных, можно создать простой сайт администрирования, чтобы управлять постами блога.",
        "author": 1,
        "publish": "2024-01-16T14:31:01Z",
        "created": "2024-01-16T14:31:01Z",
        "updated": "2024-01-16T14:31:01Z",
        "status": "PB"
    }
},
{
    "model": "blog.post",
    "pk": 3,
    "fields": {
        "title": "Создание шаблонов представлений",
        "slug": "sozdanie-shablonov-predstavlenij",
        "body": "Теперь, когда вы понимаете, как использовать ORM-преобразователь, вы готовы к разработке представлений приложения blog.\r\n\r\nПредставление Django – это просто функция Python, которая получает веб-запрос и возвращает веб-ответ. Вся логика желаемого ответа находится внутри функции-представления.\r\n\r\nСначала в своем приложении нужно создать функции-представления, затем по каждому представлению сформировать шаблон URL-адреса и, наконец, создать шаблоны HTML, чтобы прорисовывать сгенерированные представлениями данные.\r\n\r\nКаждое представление будет прорисовывать шаблон, передавая ему переменные, и возвращать HTTP-ответ с прорисованным результатом.",
        "author": 1,
        "publish": "2024-01-14T14:31:01Z",
        "created": "2024-01-14T14:31:01Z",
        "updated": "2024-01-22T17:17:28.715Z",
        "status": "PB"
    }
},
{
    "model": "blog.post",
    "pk": 4,
    "fields": {
        "title": "Веб-фреймворк Django (Python)",
        "slug": "veb-frejmvork-django-python",
        "body": "Django является чрезвычайно популярным и полнофункциональным серверным веб-фреймворком, написанным на Python. Данный модуль расскажет о том, почему Django один из самых популярных серверных веб-фреймворков, как установить среду разработки, и как начать использовать его для создания собственных веб-приложений.\r\nPython является одним из самых доступных в чтении и понимании для новичков языком программирования. Тем не менее, если вы захотите глубже понять этот модуль, в Интернете сейчас доступны многочисленные бесплатные книги и учебные пособия.",
        "author": 1,
        "publish": "2024-01-10T07:42:31Z",
        "created": "2024-01-18T07:44:15.420Z",
        "updated": "2024-01-22T17:16:45.538Z",
        "status": "PB"
    }
},
{
    "model": "blog.post",
    "pk": 5,
    "fields": {
        "title": "Как он появился?",
        "slug": "kak-on-poyavilsya",
        "body": "Django был разработан в период с 2003 по 2005 год командой, которая занималась созданием и обслуживанием газетных веб-сайтов. После создания нескольких сайтов, команда начала повторно использовать множество общего кода и шаблонов проектирования. Этот общий код эволюционировал в веб-фреймворк, который превратился в проект \"Django\" с открытым исходным кодом в июле 2005 года.\r\n\r\nDjango продолжает расти и улучшаться с момента его первого релиза (1.0) в сентябре 2008 года до недавно выпущенной версии 5.0 (2023). В каждой версии добавлены новые функциональные возможности и исправлены ошибки, начиная от поддержки новых типов баз данных, шаблонизаторов и кеширования, до добавления «общих» функций просмотра и классов (уменьшающих объём кода, который разработчики должны писать для ряда программных задач).",
        "author": 1,
        "publish": "2024-01-15T13:45:21Z",
        "created": "2024-01-18T07:46:20.572Z",
        "updated": "2024-01-22T17:17:41.842Z",
        "status": "PB"
    }
},
{
    "model": "blog.post",
    "pk": 6,
    "fields": {
        "title": "Добавление постраничной разбивки",
        "slug": "dobavlenie-postranichnoj-razbivki",
        "body": "Когда вы начнете добавлять контент в свой блог, вы сможете легко хранить десятки и даже сотни постов в своей базе данных.\r\nВозможно, вы захотите разделить список постов на несколько страниц, не отображая все записи на одной странице, и вставить навигационные ссылки на разные страницы.\r\n\r\nЭта функциональность называется постраничной разбивкой, и ее можно найти почти в каждом веб-приложении, которое показывает длинные списки элементов.\r\n\r\nНапример, Яндекс использует постраничную разбивку с целью распределения результатов поиска по нескольким страницам.\r\nНа рисунке ниже показаны постранично разбитые ссылки Яндекса на страницы результатов поиска:",
        "author": 1,
        "publish": "2024-01-17T14:31:01Z",
        "created": "2024-01-17T14:31:01Z",
        "updated": "2024-01-22T17:17:59.635Z",
        "status": "PB"
    }
},
{
    "model": "blog.post",
    "pk": 7,
    "fields": {
        "title": "Использование канонических URL-адресов для моделей",
        "slug": "ispolzovanie-kanonicheskih-adresov",
        "body": "На веб-сайте могут быть разные страницы, отображающие один и тот же контент. В нашем приложении изначальная часть контента по каждому посту отображается как на странице списка постов, так и на странице детальной информации о посте.",
        "author": 1,
        "publish": "2024-01-16T14:31:01Z",
        "created": "2024-01-16T14:31:01Z",
        "updated": "2024-01-22T17:17:50.554Z",
        "status": "PB"
    }
},
{
    "model": "blog.post",
    "pk": 8,
    "fields": {
        "title": "Создание моделей данных блога",
        "slug": "sozdanie-modelej-dannyh-bloga",
        "body": "Напомним, что объект Python – это набор данных и методов.\r\n\r\nКласс – это концептуальная схема, которая объединяет данные и функциональности в единое целое. Создание нового класса влечет новый тип объекта, позволяя формировать экземпляры этого типа.\r\n\r\nМодель Django – это источник информации и поведения данных. Она состоит из класса Python, который является подклассом django.db.models.Model.\r\n\r\nКаждой модели ставится в соответствие одна таблица базы данных, где каждый атрибут класса соотносится с полем базы данных. Когда вы будете создавать модель, Django будет предоставлять практичный API, чтобы легко запрашивать объекты в базе данных.\r\n\r\nСначала мы определим модели баз данных для приложения blog.\r\n\r\nЗатем сгенерируем для этих моделей миграции базы данных, чтобы создать соответствующие таблицы базы данных.\r\n\r\nПри применении миграций Django будет создавать таблицу по каждой модели, определенной в файле models.py приложения.",
        "author": 1,
        "publish": "2024-01-09T11:47:14Z",
        "created": "2024-01-18T11:47:35.019Z",
        "updated": "2024-01-23T06:52:10.116Z",
        "status": "PB"
    }
},
{
    "model": "blog.post",
    "pk": 9,
    "fields": {
        "title": "GETTING THE GIST OF MARKDOWN’S FORMATTING SYNTAX",
        "slug": "getting-the-gist-of-markdowns-formatting-syntax",
        "body": "This is a post formatted with markdown\r\n\r\n--------------------------------------\r\n\r\n*This is emphasized* and **this is more emphasized**.\r\n\r\nHere is a list:\r\n\r\n* One\r\n\r\n* Two\r\n\r\n* Three\r\n\r\n\r\n\r\nAnd a [link to the Django website](https://www.djangoproject.com/)",
        "author": 1,
        "publish": "2024-01-24T06:36:21Z",
        "created": "2024-01-24T06:45:24.233Z",
        "updated": "2024-01-24T06:45:24.233Z",
        "status": "PB"
    }
}
]
