[
{
    "model": "taggit.tag",
    "pk": 1,
    "fields": {
        "name": "rock",
        "slug": "rock"
    }
},
{
    "model": "taggit.tag",
    "pk": 2,
    "fields": {
        "name": "music",
        "slug": "music"
    }
},
{
    "model": "taggit.tag",
    "pk": 3,
    "fields": {
        "name": "jazz",
        "slug": "jazz"
    }
},
{
    "model": "taggit.tag",
    "pk": 4,
    "fields": {
        "name": "blues",
        "slug": "blues"
    }
},
{
    "model": "taggit.tag",
    "pk": 5,
    "fields": {
        "name": "markdown",
        "slug": "markdown"
    }
}
]
