[
{
    "model": "taggit.taggeditem",
    "pk": 1,
    "fields": {
        "tag": 2,
        "content_type": 10,
        "object_id": 8
    }
},
{
    "model": "taggit.taggeditem",
    "pk": 2,
    "fields": {
        "tag": 3,
        "content_type": 10,
        "object_id": 8
    }
},
{
    "model": "taggit.taggeditem",
    "pk": 3,
    "fields": {
        "tag": 1,
        "content_type": 10,
        "object_id": 4
    }
},
{
    "model": "taggit.taggeditem",
    "pk": 4,
    "fields": {
        "tag": 2,
        "content_type": 10,
        "object_id": 4
    }
},
{
    "model": "taggit.taggeditem",
    "pk": 5,
    "fields": {
        "tag": 1,
        "content_type": 10,
        "object_id": 3
    }
},
{
    "model": "taggit.taggeditem",
    "pk": 6,
    "fields": {
        "tag": 2,
        "content_type": 10,
        "object_id": 3
    }
},
{
    "model": "taggit.taggeditem",
    "pk": 7,
    "fields": {
        "tag": 4,
        "content_type": 10,
        "object_id": 3
    }
},
{
    "model": "taggit.taggeditem",
    "pk": 8,
    "fields": {
        "tag": 5,
        "content_type": 10,
        "object_id": 9
    }
},
{
    "model": "taggit.taggeditem",
    "pk": 9,
    "fields": {
        "tag": 2,
        "content_type": 10,
        "object_id": 6
    }
},
{
    "model": "taggit.taggeditem",
    "pk": 10,
    "fields": {
        "tag": 4,
        "content_type": 10,
        "object_id": 6
    }
},
{
    "model": "taggit.taggeditem",
    "pk": 11,
    "fields": {
        "tag": 4,
        "content_type": 10,
        "object_id": 7
    }
},
{
    "model": "taggit.taggeditem",
    "pk": 12,
    "fields": {
        "tag": 1,
        "content_type": 10,
        "object_id": 5
    }
},
{
    "model": "taggit.taggeditem",
    "pk": 13,
    "fields": {
        "tag": 1,
        "content_type": 10,
        "object_id": 2
    }
},
{
    "model": "taggit.taggeditem",
    "pk": 14,
    "fields": {
        "tag": 4,
        "content_type": 10,
        "object_id": 2
    }
},
{
    "model": "taggit.taggeditem",
    "pk": 15,
    "fields": {
        "tag": 2,
        "content_type": 10,
        "object_id": 1
    }
}
]
