[
{
    "model": "auth.user",
    "pk": 1,
    "fields": {
        "password": "pbkdf2_sha256$720000$cwRvCQw37cQoVZmJKjm1Pg$YHV+gcFvTjDTtFGSeyccXry8PxdI5a3zhyAIPjLxZ0E=",
        "last_login": "2024-01-17T14:30:53.681Z",
        "is_superuser": true,
        "username": "admin",
        "first_name": "",
        "last_name": "",
        "email": "",
        "is_staff": true,
        "is_active": true,
        "date_joined": "2024-01-17T14:30:34.675Z",
        "groups": [],
        "user_permissions": []
    }
}
]
